#Absolute timestamp,Relative timestamp,Throughput,Min,Avg,p50,p90,p95,p99,p999,p9999,Max
1626783862.000,0,41019,367616,3238705,2152447,5976063,8126463,14589951,61341695,71827455,157417471
1626783862.999,0,87112,199552,2329618,1153023,3788799,5877759,14475263,108199935,295174143,298057727
1626783863.999,1,103063,188544,1926374,1078271,3307519,4919295,13246463,80216063,87752703,91881471
1626783864.999,2,101255,210560,1963653,1129471,3350527,4804607,10772479,91815935,102694911,102957055
1626783865.999,3,119601,196480,1658805,969727,2635775,3758079,8237055,89522175,104988671,105119743
1626783866.999,4,127888,184960,1548579,879615,2570239,3903487,9478143,77135871,85786623,93978623
1626783867.999,5,160924,189568,1193019,801791,1897471,2543615,5795839,79036415,85196799,85786623
1626783868.999,6,138464,157440,1379988,839679,2357247,3330047,8077311,89063423,106299391,110624767
1626783869.999,7,175436,185856,1202642,813055,1954815,2613247,5296127,98893823,104005631,104857599
1626783870.999,8,158401,176128,1120504,758271,1750015,2250751,3788799,111083519,127270911,137756671
1626783871.999,9,176916,176384,1225456,775167,1709055,2213887,4210687,123731967,126681087,128122879
1626783872.999,10,180336,173952,1095676,759807,1691647,2150399,3878911,116981759,120324095,123076607
1626783873.999,11,174696,183296,1131913,787455,1828863,2377727,4292607,98631679,100270079,105381887
1626783874.999,12,182126,186240,1084823,752639,1690623,2207743,3989503,104726527,119406591,120782847
1626783875.999,13,174608,182656,1131878,749567,1742847,2316287,4243455,131203071,141688831,144441343
1626783876.999,14,171514,187264,1149231,784895,1724415,2248703,4016127,134021119,139198463,146800639
1626783877.999,15,200878,172160,981401,775167,1764351,2242559,3614719,6733823,13516799,17448959
1626783878.999,16,175810,176128,1125558,753663,1647615,2123775,3819519,144834559,147849215,153092095
1626783879.999,17,208902,177664,944294,752639,1655807,2111487,3422207,6111231,16957439,18169855
1626783880.999,18,141051,178944,1195976,736255,1670143,2134015,3786751,175505407,192151551,194510847
1626783894.001,32,13314,401408,3716494,2316287,7389183,10182655,20725759,65273855,89849855,89980927
1626783895.000,33,63806,315648,3153295,2129919,5468159,7647231,22151167,70778879,81330175,110755839
1626783896.000,34,62684,329216,3183389,2795519,4677631,6356991,17022975,69795839,78446591,104660991
1626783897.000,35,60266,290304,3303953,2932735,3917823,5103615,15802367,44138495,85590015,105512959
1626783898.000,36,88638,263168,2244987,2011135,3551231,4935679,9461759,24526847,41353215,47906815
1626783899.000,37,78530,266496,2532547,1462271,4145151,6324223,19283967,83296255,106692607,134742015
1626783900.000,38,96283,240384,2064321,1386495,4184063,5713919,11763711,26116095,41877503,66453503
1626783901.000,39,104051,228608,1912906,1278975,3815423,5238783,11935743,22315007,40402943,50626559
1626783902.000,40,132581,225920,1494665,1049599,2476031,3497983,7966719,52559871,66682879,74121215
1626783903.000,41,153002,218112,1294978,955391,2318335,3327999,6279167,14065663,23871487,34406399
1626783904.000,42,136994,204288,1447999,944639,2244607,3151871,7032831,69337087,76611583,80674815
1626783905.000,43,157339,191104,1259425,951295,2234367,3057663,5947391,11403263,19431423,28049407
1626783906.000,44,131146,208384,1509089,1041407,2467839,3528703,7450623,73662463,80543743,85524479
1626783907.000,45,143426,176896,1382459,965631,2580479,3700735,7151615,16383999,22413311,36700159
1626783908.000,46,148428,222464,1335152,916479,2181119,2994175,5931007,83689471,87818239,94502911
1626783909.000,47,166113,198400,1191711,883199,2160639,2945023,5652479,10239999,16097279,31080447
1626783910.000,48,156575,193024,1239544,945151,2209791,2988031,5754879,10715135,18497535,31260671
1626783911.000,49,147824,216960,1367783,922623,2199551,2961407,6246399,97320959,114294783,124911615
1626783912.000,50,141897,200704,1396832,939519,2222079,3063807,6115327,107020287,111738879,120651775
1626783913.000,51,168159,203136,1175979,873471,2002943,2793471,5861375,12804095,22036479,34144255
1626783914.000,52,147067,208896,1348714,911359,2121727,2879487,5939199,105119743,118423551,125960191
1626783915.000,53,166444,200320,1188673,859647,2074623,2875391,6524927,14868479,24231935,40206335
1626783916.000,54,146818,213120,1350336,909823,2156543,2922495,5775359,111738879,116850687,122290175
1626783917.000,55,166663,204800,1187952,910847,2091007,2787327,5459967,11272191,18268159,49840127
1626783918.000,56,21952,220160,1228986,935423,2125823,2988031,6193151,15138815,19103743,20414463
1626783930.000,68,67266,289536,1651756,1542143,2189311,2543615,4239359,13639679,16080895,16244735
1626783930.999,68,135304,227584,1462129,1111039,1975295,2445311,4759551,123994111,126222335,128712703
1626783931.999,69,174522,206592,1134496,893951,1984511,2609151,4612095,8724479,14114815,19890175
1626783932.999,70,167546,224512,1136066,863743,1988607,2648063,5107711,10690559,16842751,24330239
1626783933.999,71,164099,187520,1252553,869887,1971199,2594815,4853759,109772799,112066559,116064255
1626783934.999,72,178334,198656,1109272,855551,1955839,2586623,5009407,9682943,15130623,27705343
1626783935.999,73,153670,190336,1290008,818175,2065407,2959359,6709247,108331007,109903871,111607807
1626783936.999,74,177225,211712,1116466,863743,1974271,2582527,4829183,8445951,14000127,22953983
1626783937.999,75,158991,196864,1245395,863231,1973247,2605055,4829183,104726527,108920831,112525311
1626783938.999,76,177436,196608,1114657,846847,1921023,2619391,5091327,11239423,16080895,29310975
1626783939.999,77,157927,179072,1251159,868863,1924095,2551807,4943871,108068863,112787455,116916223
1626783940.999,78,178801,203904,1106371,868351,1945599,2545663,4493311,8667135,14753791,26427391
1626783941.999,79,160395,184320,1235288,846847,1959935,2662399,5201919,102694911,107020287,108068863
1626783942.999,80,177581,218880,1114139,865791,1954815,2576383,4681727,9773055,18366463,22331391
1626783943.999,81,155845,220288,1270916,863743,2009087,2648063,5619711,106954751,108068863,110755839
1626783944.999,82,174797,212352,1130846,883199,1952767,2572287,4796415,10100735,14966783,22790143
1626783945.999,83,158622,194560,1248300,866303,2021375,2652159,4829183,101908479,102957055,105316351
1626783946.999,84,177988,207616,1112181,863743,1977343,2603007,4718591,9265151,13869055,22773759
1626783947.999,85,103651,216576,1134220,889343,1979391,2564095,4755455,11313151,21168127,23232511
1626783960.000,98,8857,252928,1860282,1778687,2736127,3188735,5754879,14204927,15187967,15187967
1626783960.999,98,118481,312064,1672015,1594367,2334719,2711551,4382719,13107199,16826367,21807103
1626783961.999,99,157804,200448,1253980,1002495,2060287,2654207,5259263,16777215,30081023,33095679
1626783962.999,100,159024,225664,1245642,872447,1953791,2621439,5214207,96468991,99942399,104857599
1626783963.999,101,175603,188288,1126344,882175,1969151,2578431,4481023,9117695,13885439,25706495
1626783964.999,102,158222,229888,1251671,897023,1996799,2572287,4558847,97058815,98566143,103022591
1626783965.999,103,174987,217984,1130173,888831,1963007,2637823,4689919,8847359,14147583,21381119
1626783966.999,104,158665,218368,1249259,886783,1936383,2537471,4816895,100990975,104267775,104398847
1626783967.999,105,176849,198272,1118256,872447,1949695,2576383,4640767,9871359,15245311,29540351
1626783968.999,106,157268,202240,1260355,868863,2012159,2637823,4837375,101384191,105447423,107610111
1626783969.999,107,174016,210688,1136265,894463,1972223,2588671,4542463,11452415,18677759,26460159
1626783970.999,108,167176,213120,1112475,855551,1960959,2590719,4632575,8708095,15736831,26558463
1626783971.999,109,169206,192384,1241306,868351,1992703,2582527,4784127,105381887,106692607,109445119
1626783972.999,110,175327,208000,1128157,881151,1955839,2641919,4730879,9560063,16351231,29769727
1626783973.999,111,156263,192000,1265900,890879,2010111,2654207,4800511,104202239,106889215,114229247
1626783974.999,112,176625,188416,1120345,858111,1977343,2639871,4849663,9822207,14852095,22921215
1626783975.999,113,153876,194432,1287440,884223,2000895,2664447,5251071,110493695,117178367,120061951
1626783976.999,114,171505,230784,1153523,881151,2037759,2822143,5062655,8732671,18006015,25444351
1626783977.999,115,157114,197376,1261569,876543,2010111,2703359,5119999,100532223,101777407,108199935
1626783978.999,116,53132,213504,1132195,921599,1936383,2486271,4485119,8413183,11960319,22495231
1626783991.000,129,11996,240896,391818,363007,454911,509695,804863,5234687,6795263,6828031
1626783991.999,129,25004,185344,334436,316159,382463,409855,523007,3436543,16760831,18268159
1626783992.999,130,25000,159232,263124,259711,298239,312575,351999,606719,2140159,2988031
1626783993.999,131,25000,159232,256379,254847,289535,301311,327935,368127,538623,692223
1626783994.999,132,24999,159872,256237,254975,288511,300031,327423,363519,551423,604159
1626783995.999,133,25001,164864,256513,254591,289023,301311,332799,475647,844799,882687
1626783996.999,134,25000,165248,265398,254719,291583,305663,353535,1403903,9134079,13254655
1626783997.999,135,25000,157696,253377,251903,285951,297215,324863,356863,517631,576511
1626783998.999,136,24999,151424,6719084,271871,21053439,62160895,94830591,102432767,103546879,104398847
1626783999.999,137,25000,158208,254998,253439,287231,298751,327935,391423,598527,1821695
1626784000.999,138,25001,161664,253898,252287,286463,297727,324863,363263,524799,571391
1626784001.999,139,25000,158976,253512,252031,285439,297471,324095,371711,603135,686591
1626784002.999,140,25001,159232,258030,254335,290815,304895,345087,835583,1761279,4816895
1626784003.999,141,24999,163584,257108,254847,289535,302335,333823,637951,897023,931839
1626784004.999,142,24999,162304,253821,252287,285951,298495,325887,375295,758783,816639
1626784005.999,143,25001,164864,254085,252799,286207,298239,325119,363263,570367,586239
1626784006.999,144,25000,166144,254163,252543,286719,298495,324351,362751,582655,681471
1626784007.999,145,25000,161664,253967,252799,285695,297471,323583,370431,630783,688127
1626784008.999,146,24999,165504,258311,253695,289791,303871,343551,1167359,2572287,6389759
1626784009.999,147,25001,159616,255946,253439,287999,299519,329727,716799,1327103,1417215
1626784010.999,148,25001,154368,253838,252159,286207,297727,326655,404991,715263,837631
1626784011.999,149,24999,163712,253713,252415,285183,296703,323839,380415,535039,565759
1626784012.999,150,25000,160512,6717816,256127,20512767,62226431,95420415,103481343,104857599,105381887
1626784013.999,151,25000,146048,253121,251775,285183,296191,323327,362239,562687,636415
1626784014.999,152,25000,157440,256826,253695,289279,302335,338175,779775,1671167,4710399
1626784015.999,153,24999,160384,253049,251647,285439,296703,321535,358655,507135,549887
1626784016.999,154,25002,160640,253980,252671,285695,297727,324095,364287,507391,1022975
1626784017.999,155,24999,157696,255313,253439,288255,300543,330239,504319,827391,2826239
1626784018.999,156,24999,160000,255703,253439,287231,300287,335103,594431,1085439,1160191
1626784019.999,157,25001,162176,256210,254335,289023,301055,328959,446975,827391,1139711
1626784020.999,158,25001,163328,253270,251647,285951,297215,323583,355071,511743,538111
1626784021.999,159,24999,155648,254079,252543,286463,297983,326399,371967,568831,930303
1626784022.999,160,24999,156288,252956,251519,285183,295935,322047,361983,532991,606207
1626784023.999,161,25001,149504,253245,251903,285439,296959,323327,357375,499711,569343
1626784024.999,162,25000,149760,252559,250879,285183,296703,322047,359423,559615,1865727
1626784025.999,163,23417,158848,3995733,254847,297215,348415,91947007,99483647,100532223,100663295
1626784026.999,164,26582,158720,2516669,254335,305151,18841599,54755327,66715647,92733439,94896127
1626784027.999,165,25000,154880,252838,251391,285439,297215,322559,355839,560127,605695
1626784028.999,166,25000,150528,254068,252543,286463,297983,324607,364287,485887,503551
1626784029.999,167,25001,161536,254283,252927,286207,297471,324095,363007,517631,580607
1626784030.999,168,25000,158720,254594,253055,286975,298495,326399,365311,581119,685567
1626784031.999,169,25000,163072,254068,252543,286207,297727,324351,367359,552959,598015
1626784032.999,170,25000,159104,255421,253567,288255,300287,330239,502015,890879,977919
1626784033.999,171,24999,162560,255908,253695,288767,300799,329727,585727,1088511,2115583
1626784034.999,172,25001,159104,254907,253439,286975,298751,324863,387071,863743,1005055
1626784035.999,173,25000,157184,253587,252159,285951,297983,324863,360703,514559,535551
1626784036.999,174,25000,162688,253153,251519,285951,297727,323583,366847,559615,598015
1626784037.999,175,24999,158336,253319,251903,285951,297471,323839,359423,506623,576511
1626784038.999,176,25001,155008,253047,251647,285183,296447,323071,366079,568831,630783
1626784039.999,177,25000,154368,6117084,257663,14934015,57835519,91553791,99549183,100990975,101777407
1626784040.999,178,25000,161408,255174,253183,287487,299263,329471,530431,889855,1009663
1626784041.999,179,25000,157056,269130,255999,301823,325375,517119,2252799,5574655,6422527
1626784042.999,180,25001,158720,253996,252543,286719,297471,323839,356095,503807,575487
1626784043.999,181,24999,157696,253792,252287,286207,297471,324863,365311,579071,900607
1626784044.999,182,25000,155904,252815,251135,285439,296447,323839,365823,594943,674303
1626784045.999,183,25000,157952,253606,252287,285695,297727,324095,365567,495359,584703
1626784046.999,184,25000,156160,253278,251647,285695,297471,324351,363519,563711,922623
1626784047.999,185,25000,158208,260532,253823,291071,305663,352511,1716223,5472255,7196671
1626784048.999,186,25000,152960,255235,252927,287487,299519,332543,610815,1155071,1519615
1626784049.999,187,25001,162176,255913,253695,288255,300799,329727,461823,1067007,5181439
1626784050.999,188,24999,163840,253717,252543,285951,297215,324607,359935,493567,531967
1626784051.999,189,25000,161024,253771,252287,286719,297983,324095,370175,553471,593919
1626784052.999,190,25000,158976,253683,251903,285951,298239,326655,371199,547839,638975
1626784053.999,191,24999,157696,6227973,256639,17170431,58753023,92340223,100073471,101056511,101384191
1626784054.999,192,25001,157696,251113,249727,283391,295167,319999,357119,527359,600575
1626784055.999,193,25000,158336,253799,251391,285951,297727,328703,504063,975359,8384511
1626784056.999,194,25000,160384,399622,253055,292607,317439,6356991,12984319,16556031,19824639
1626784057.999,195,25000,159872,253104,251775,285183,296447,324351,361983,540671,573439
1626784058.999,196,24999,157056,254100,252415,285951,297471,326911,575999,916479,1698815
1626784059.999,197,25002,155776,253912,252415,286719,298239,325375,380159,595455,615423
1626784060.999,198,24999,155392,254329,253055,286719,298495,324863,379903,582143,599551
1626784061.999,199,24999,164352,253414,251903,286463,298239,324607,361471,634879,670719
1626784062.999,200,25002,152448,255553,253311,287743,300031,329983,630783,997887,1614847
1626784063.999,201,24999,162432,255779,253439,287743,299263,331263,671743,1042431,3336191
1626784064.999,202,25000,146432,253138,251519,285183,296447,321279,360703,614911,1081343
1626784065.999,203,25000,160000,254055,252543,286719,298495,325887,361215,553983,642047
1626784066.999,204,25000,158848,252572,251007,285183,296447,322559,362495,571391,630783
1626784067.999,205,25000,151552,5975985,255359,13680639,57016319,90636287,98303999,100204543,101122047
1626784068.999,206,24998,154112,253000,251263,285695,297215,324607,358655,551935,2002943
1626784069.999,207,25001,157952,252707,251263,285439,296703,321791,364031,488959,531455
1626784070.999,208,25001,162688,255157,253311,287231,299519,327935,386047,757247,1028607
1626784071.999,209,25000,159232,252686,251391,285183,296191,322047,356351,548863,570879
1626784072.999,210,25000,155008,252915,251519,285183,296447,323839,361471,504319,534527
1626784073.999,211,24999,165376,252865,251391,285439,297727,322815,360703,528383,573951
1626784074.999,212,25000,148480,253842,252287,285951,297471,322559,364799,583679,652799
1626784075.999,213,25001,159488,253601,252543,285439,296447,321279,359167,535551,561663
1626784076.999,214,25000,162432,254324,252799,286719,297983,324863,362239,602623,665087
1626784077.999,215,25000,152704,253949,251903,286207,298239,329471,550399,827903,1036799
1626784078.999,216,25001,158720,254060,252031,285951,298495,327679,555519,1163263,2093055
1626784079.999,217,24999,150400,255691,253439,288511,300031,329983,628735,968191,1967103
1626784080.999,218,25000,164736,254033,252671,285951,297727,323583,357375,625663,2668543
1626784081.999,219,25000,157056,6017430,255359,14024703,56459263,90439679,98959359,100925439,101122047
1626784082.999,220,24999,161152,253243,251647,285951,297471,323839,361471,555007,858623
1626784083.999,221,25001,153984,257682,253183,290559,305151,346879,1111039,2148351,2242559
1626784084.999,222,25000,155136,252276,251007,284159,295679,321535,351487,367359,427519
1626784085.999,223,25000,158848,254370,252415,285951,297471,326399,577535,780287,2252799
1626784086.999,224,25001,150912,252488,251263,285183,296703,322303,357631,375807,393983
1626784087.999,225,24999,157952,252659,251135,284927,296191,321791,353279,377343,1467391
1626784088.999,226,25000,160896,252610,251263,285183,297471,321535,354815,374783,385023
1626784089.999,227,25000,152960,253432,252031,286207,298239,323839,359423,403967,407551
1626784090.999,228,25000,159744,251595,250239,284671,295167,320767,351999,385535,394495
1626784091.999,229,25000,160512,253635,252543,285695,297471,322815,357119,407295,604159
1626784092.999,230,25001,161536,253468,251519,286207,298239,328447,418559,873983,3176447
1626784093.999,231,24999,161408,255038,252927,286975,299263,331519,639999,968191,1096703
1626784094.999,232,24633,149504,255482,253439,287231,299007,326911,382719,974335,11968511
1626784095.999,233,25367,155392,5447514,253567,8486911,51576831,86376447,94502911,95551487,95813631
1626784096.999,234,24999,161792,252979,251647,285951,296959,322303,359423,464127,1011711
1626784097.999,235,25001,159360,252610,251519,284671,295935,321791,355839,379647,399615
1626784098.999,236,24999,151168,251915,250495,284159,296191,322559,351231,384511,702975
1626784099.999,237,25001,159232,253824,252159,286207,297983,324095,375551,561151,901631
1626784100.999,238,24999,160512,254031,251903,286975,298751,327679,541183,922623,1167359
1626784101.999,239,25001,165120,273172,257535,302335,325887,525311,3010559,7491583,7753727
1626784102.999,240,25000,160512,253995,252671,286719,297727,322815,354815,379391,399871
1626784103.999,241,25001,159360,253761,252415,286207,297983,322559,357887,384255,386815
1626784104.999,242,24999,152832,253457,252159,286207,297727,322559,355327,381951,385535
1626784105.999,243,25001,152448,252630,251263,284927,295935,320767,356607,393983,404479
1626784106.999,244,24999,162688,252874,251519,285439,297727,325631,358911,391167,505087
1626784107.999,245,25001,157056,253995,252415,286719,298495,325375,371455,652287,798719
1626784108.999,246,24993,151552,5318180,256127,7651327,50954239,84279295,97386495,104005631,104595455
1626784109.999,247,25006,158208,256112,253567,288511,300799,330239,653311,1416191,3796991
1626784110.999,248,13000,158336,253729,251775,286975,299263,327423,372735,463103,1362943
1626784123.001,261,7396,242176,465402,379903,548863,751103,2535423,6205439,7729151,7729151
1626784124.000,262,25002,183808,338622,319743,393215,432127,681983,2484223,6893567,9904127
1626784125.000,263,25000,155264,262302,258175,295423,309247,344319,937471,3211263,4095999
1626784126.000,264,24999,156544,254695,253311,287487,299519,324863,369663,589823,824319
1626784127.000,265,25001,158720,255545,254207,287743,299519,325887,373247,607231,612351
1626784128.000,266,25000,151936,254358,253055,286463,297471,323583,362495,565247,585215
1626784129.000,267,25000,157312,260669,252927,289023,303615,346367,1629183,4956159,8462335
1626784130.000,268,25000,160000,253071,251647,284927,296959,322815,360959,510975,779775
1626784131.000,269,25000,162688,253168,251263,284671,296447,325631,447487,1059839,1927167
1626784132.000,270,25000,157440,253681,252543,285439,296703,320767,356095,483327,537087
1626784133.000,271,23718,158464,251868,250367,284159,295423,321023,358911,427007,643071
1626784134.000,272,26281,162048,4934221,260095,1909759,47579135,83034111,90701823,91881471,92078079
1626784135.000,273,25001,156032,255579,251519,287487,300287,334591,806911,7016447,7249919
1626784136.000,274,25000,150784,251113,249855,282367,293375,318463,359423,573439,754687
1626784137.000,275,25000,159232,251510,250111,283391,294655,321023,358399,530431,1214463
1626784138.000,276,24999,148864,253301,251391,284927,296447,325119,528383,963071,1105919
1626784139.000,277,25000,156032,253993,251647,285951,297983,329471,711679,993791,1212415
1626784140.000,278,25001,151296,252394,250879,284159,295423,321279,366079,737791,1084415
1626784141.000,279,25001,158976,254633,251263,286207,299007,332543,777215,1432575,8724479
1626784142.000,280,25000,158720,253182,251775,284927,296191,320255,371455,559615,643583
1626784143.000,281,24999,159232,251255,249599,282879,294911,318975,359167,531455,557055
1626784144.000,282,25000,153856,252421,250879,283903,295935,321023,357119,504831,528895
1626784145.000,283,25000,153472,252516,251135,283903,295679,319487,359167,495615,569855
1626784146.000,284,25000,154752,252259,250111,284159,295935,325119,519935,959999,1258495
1626784147.000,285,25000,156160,5283680,255487,7282687,49709055,84213759,92340223,93454335,93585407
1626784148.000,286,24999,157440,251160,249599,282111,293631,318719,360703,585727,593919
1626784149.000,287,25001,150400,249837,248319,281343,292607,317695,350719,520959,607743
1626784150.000,288,25000,158592,252747,251391,284415,295679,320767,353791,529407,1016319
1626784151.000,289,25000,152448,251356,249983,282623,293887,318463,362751,505855,535039
1626784152.000,290,24999,157568,253263,251775,284671,296447,322047,369663,603135,2105343
1626784153.000,291,25000,161280,266818,258815,310015,334335,420863,774655,2777087,4550655
1626784154.000,292,25001,159872,256570,253823,288767,301311,332287,784895,1375231,2077695
1626784155.000,293,24999,153600,252093,250367,284159,295679,321791,375295,687615,848383
1626784156.000,294,25001,160768,252231,250751,284415,295935,320767,360959,613887,727551
1626784157.000,295,25000,156288,252143,250751,283391,295423,320255,366079,567295,616959
1626784158.000,296,25000,162304,251074,249727,283647,294655,316927,351231,480511,540159
1626784159.000,297,24999,150400,250946,249343,282879,294399,321535,391679,713727,1072127
1626784160.000,298,25001,149632,253563,251135,285439,296959,327935,560127,1560575,1604607
1626784161.000,299,25000,160000,5088398,254847,5787647,48857087,82378751,90374143,91815935,92471295
1626784162.000,300,25000,164352,267971,254079,299007,321279,482047,2467839,6569983,6979583
1626784163.000,301,25000,160640,252419,250879,284415,296191,320511,356095,540159,654335
1626784164.000,302,25000,139136,250906,249215,283135,294399,320511,362495,600063,689663
1626784165.000,303,25000,161024,250320,248575,282623,294655,322047,359935,554495,587263
1626784166.000,304,25000,161664,250752,249343,282367,293887,319743,360447,556543,860159
1626784167.000,305,25000,154240,251364,249727,283135,294399,322047,365311,542207,1972223
1626784168.000,306,25000,154368,251731,249855,283647,295167,325119,416767,813567,983551
1626784169.000,307,25000,155648,252983,250367,285183,297727,329727,693759,1065983,2478079
1626784170.000,308,25000,160768,253507,251647,285695,297215,324095,475647,868863,939007
1626784171.000,309,25001,153344,251122,249727,282623,294143,319743,356095,545279,635391
1626784172.000,310,25000,153088,251839,250239,283903,295423,320767,370943,512767,632831
1626784173.000,311,24999,163328,251924,250623,283647,294911,318719,356607,529407,562175
1626784174.000,312,25000,161152,251263,249599,283647,295167,320255,363263,579071,959999
1626784175.000,313,25000,153984,5111826,254335,5808127,48365567,82771967,90832895,91750399,92012543
1626784176.000,314,25000,151424,252614,250751,284415,296447,323583,473343,800255,1204223
1626784177.000,315,24999,160896,252419,251263,283903,294655,318975,355071,573951,1402879
1626784178.000,316,25002,157824,329092,250367,290047,316927,3172351,8011775,11591679,12836863
1626784179.000,317,24999,159360,251999,250495,284159,295423,320767,351487,513023,581631
1626784180.000,318,25000,166272,255844,251007,286975,301055,340223,1257471,2265087,6893567
1626784181.000,319,25000,156416,251560,250239,283135,293887,318463,356351,589823,868351
1626784182.000,320,25000,155776,253095,251775,284415,296191,324863,380159,622591,889855
1626784183.000,321,25000,153088,253100,251007,284927,297215,326655,451071,1111039,2146303
1626784184.000,322,25001,149760,253854,251135,284927,296447,329471,707071,1942527,3239935
1626784185.000,323,24998,150656,252658,250623,283391,294911,319487,384255,3041279,3405823
1626784186.000,324,25001,155520,252739,251647,284415,295423,320511,359935,502783,532991
1626784187.000,325,25000,160384,251316,249727,282879,294655,319231,360191,583167,689151
1626784188.000,326,25000,158848,249904,248703,281343,292095,317183,355071,527359,562687
1626784189.000,327,25001,153728,5266907,254591,6623231,50626559,84148223,92274687,93519871,93847551
1626784190.000,328,24999,157568,251183,249855,283391,294399,318975,360191,507647,588799
1626784191.000,329,25000,154752,252392,250239,283391,294911,322047,537087,1443839,2293759
1626784192.000,330,24998,153984,251011,249599,282623,294143,318207,361983,547839,583679
1626784193.000,331,25001,156928,252498,251135,284927,295935,319743,355071,550399,566783
1626784194.000,332,25002,156544,252287,251135,284159,294911,319743,361727,561151,616959
1626784195.000,333,24999,162176,251350,249983,282879,294143,320255,363007,483327,582655
1626784196.000,334,25001,155648,250762,249471,282111,293887,318975,355327,535551,540671
1626784197.000,335,24999,156288,252991,251647,284927,296191,322815,363519,545279,1496063
1626784198.000,336,25001,150912,251471,249727,283391,295423,323071,489727,829951,1006079
1626784199.000,337,24998,152576,252527,250495,284159,296191,325375,563711,876031,2392063
1626784200.000,338,25001,159616,252949,251263,284927,296191,323839,403711,968191,1052671
1626784201.000,339,25000,157824,253080,251263,285439,297471,324351,354303,483327,552959
1626784202.000,340,24999,159872,256026,254719,287999,299775,327167,373503,588287,593919
1626784203.000,341,25000,159232,5036907,255231,5025791,48005119,81985535,90046463,91357183,91684863
1626784204.000,342,25001,160640,251107,249599,282367,294655,319743,354815,554495,606207
1626784205.000,343,25000,160128,250627,249215,281855,293375,317439,352767,492287,537599
1626784206.000,344,24998,156544,253453,251391,285695,297727,325887,593407,843263,1747967
1626784207.000,345,25003,157696,251616,250239,282879,294655,319231,357887,507391,549375
1626784208.000,346,24999,155264,250698,249343,282111,293631,318719,355327,498431,566783
1626784209.000,347,24999,157056,252929,251007,284927,296959,325631,593919,949247,1607679
1626784210.000,348,25000,158336,252241,250751,284159,295423,320511,367615,721919,799231
1626784211.000,349,25001,149120,251872,250495,283391,294911,321023,358911,502015,1097727
1626784212.000,350,25001,159488,251826,250367,283647,294911,321023,370431,586751,629759
1626784213.000,351,24999,154752,254937,252415,286719,298239,328191,634367,1686527,2756607
1626784214.000,352,25000,152576,253689,250879,285183,297983,331519,751103,1222655,1258495
1626784215.000,353,25000,161408,253036,251391,284927,295679,321279,436479,928767,1113087
1626784216.000,354,25000,160000,257668,252415,289279,303871,342783,1360895,3270655,8060927
1626784217.000,355,25000,156416,5429419,253823,8724479,51806207,85590015,93388799,94502911,94699519
1626784218.000,356,25000,155648,250755,249599,282367,293375,318463,356607,513535,535039
1626784219.000,357,25000,154368,252376,251007,284159,294911,319999,364287,550911,555007
1626784220.000,358,25000,155904,251185,249471,283391,294911,320255,362751,561151,2205695
1626784221.000,359,25000,157312,253120,251263,285439,297215,324351,491519,810495,1054719
1626784222.000,360,25000,156032,268196,255743,300031,321791,425471,2449407,4947967,5230591
1626784223.000,361,25001,163200,253718,252415,284927,296447,322303,365567,588287,650239
1626784224.000,362,24999,145408,251319,249855,282879,294911,322303,369919,511487,605183
1626784225.000,363,25000,146688,250754,249087,282623,293887,321791,362495,566783,593407
1626784226.000,364,25001,157568,251205,249855,282879,294143,318975,356607,488447,556543
1626784227.000,365,24999,156416,251537,250239,282879,294399,320255,361215,503807,587775
1626784228.000,366,25001,163840,253735,251775,285439,297471,326655,606207,908799,1081343
1626784229.000,367,24998,158464,252469,250111,284671,296703,324607,536575,1020415,1154047
1626784230.000,368,25001,154624,253621,251775,285439,296959,324607,423679,809983,966655
1626784231.000,369,25002,156160,5345003,253951,8716287,50462719,85262335,92602367,93454335,93716479
1626784232.000,370,24998,154240,253346,251775,285183,296703,323839,377087,620543,2426879
1626784233.000,371,25000,157440,251800,250367,283647,294655,319999,359679,510975,537599
1626784234.000,372,25000,147200,252418,251135,284159,295167,318975,356095,513535,565759
1626784235.000,373,25000,155136,251540,250239,283391,294911,318975,359679,509183,631295
1626784236.000,374,25000,163712,252540,250623,284159,296191,322303,571391,1080319,1545215
1626784237.000,375,25000,149248,251322,249983,283135,294655,320255,357631,548351,594431
1626784238.000,376,25000,160768,251923,250623,283647,295423,320511,357375,535039,564735
1626784239.000,377,24999,159488,251894,250367,283391,295167,320511,361727,653311,687615
1626784240.000,378,25001,158976,253003,251775,285183,296447,321279,354303,526847,580607
1626784241.000,379,25001,156672,252381,251135,283903,294911,320511,357375,554495,588799
1626784242.000,380,24999,158848,253269,251775,285951,297727,324095,358655,504063,1449983
1626784243.000,381,17602,161024,252664,250495,285183,296703,325631,489983,1107967,1429503
1626784255.000,393,367,293888,702970,599039,1149951,1433599,2064383,2600959,2600959,2600959
1626784255.999,393,25007,201856,353724,335103,409343,448255,712703,2953215,5791743,7167999
1626784256.999,394,25001,155136,257984,256255,293375,306687,337151,398335,694783,1329151
1626784257.999,395,24999,156928,256257,254847,289535,301823,329983,442879,920063,1056767
1626784258.999,396,24999,156288,256203,253951,289279,301567,339199,787967,1231871,1393663
1626784259.999,397,25002,158336,257239,254719,289279,301311,332543,991231,1334271,3422207
1626784260.999,398,24999,158592,259862,255231,292095,306175,346623,1083391,5550079,6033407
1626784261.999,399,25000,153088,251127,250239,284159,295423,319999,362751,513535,549887
1626784262.999,400,25000,149632,252242,251391,284671,295679,320255,357887,572415,965631
1626784263.999,401,25000,156544,251035,250239,283647,294655,320255,362751,550911,932863
1626784264.999,402,25000,152832,251420,250495,284415,295423,320255,349951,593407,698879
1626784265.999,403,25000,146048,252281,251007,284671,296191,323071,461311,808447,883711
1626784266.999,404,25000,148480,253969,250495,286207,299775,332031,773631,1464319,8904703
1626784267.999,405,25001,147712,251312,250239,284159,295679,320767,361983,566783,773631
1626784268.999,406,24999,152832,5034440,259199,5898239,48365567,81199103,89063423,90243071,90636287
1626784269.999,407,25000,154240,254221,253439,287231,297983,323839,373759,553471,587263
1626784270.999,408,25000,157440,251455,250367,284159,295167,321023,363519,566271,616959
1626784271.999,409,25002,151936,252572,251647,285183,296703,322047,368383,512767,555519
1626784272.999,410,24999,153216,253780,252543,286207,297471,326655,453631,782847,903167
1626784273.999,411,25000,144128,257622,253311,290047,303615,347647,1312767,2267135,2836479
1626784274.999,412,24999,152320,252535,251391,285183,296191,321279,394751,867327,948735
1626784275.999,413,25002,153472,251113,250239,283391,295167,319487,357119,552959,1014783
1626784276.999,414,24999,149632,251729,250623,284415,295935,322559,370687,562175,607231
1626784277.999,415,24999,150400,252539,251775,285183,296191,321279,365823,573439,610303
1626784278.999,416,25001,158592,250984,249727,283903,295423,320255,360703,516095,607743
1626784279.999,417,24999,152064,255493,253183,288767,301823,334335,726015,1540095,1692671
1626784280.999,418,25000,144128,252959,251775,285695,297727,323327,393471,928255,1329151
1626784281.999,419,25000,155520,270664,256127,299519,322303,548351,2670591,5185535,6262783
1626784282.999,420,25001,155904,5060526,255615,5619711,48300031,82051071,89980927,90898431,91488255
1626784283.999,421,24999,155776,251730,251007,284671,295679,320767,353279,549375,660479
1626784284.999,422,25000,153216,251854,250879,284671,296191,320767,351743,484095,521727
1626784285.999,423,25000,149888,253035,252159,285183,297727,324095,375807,606207,625151
1626784286.999,424,25000,151680,251685,250623,284415,296447,321279,359935,535551,639999
1626784287.999,425,25001,153856,253314,252031,286463,297983,327935,443647,831999,1123327
1626784288.999,426,25000,150528,253661,251391,286463,299519,333823,764415,1003007,1469439
1626784289.999,427,25000,145920,252366,251391,285183,297215,323071,380159,562175,882175
1626784290.999,428,25000,151040,251365,250239,283903,295423,318975,358399,537599,584191
1626784291.999,429,24999,156544,252787,251775,285439,297215,322815,359935,600063,620031
1626784292.999,430,25001,148480,252390,251647,284927,295935,321279,361727,550911,627199
1626784293.999,431,25000,150912,252277,251391,284671,296191,320511,356095,472831,577535
1626784294.999,432,24999,147200,251125,250239,283391,294655,320255,362239,548351,586239
1626784295.999,433,25001,148096,252782,251519,285951,296447,323327,395263,850431,993279
1626784296.999,434,25000,149632,5235258,253823,7512063,49709055,83951615,91881471,92864511,92930047
1626784297.999,435,25000,149760,250536,249599,282367,293887,318975,355839,531455,1302527
1626784298.999,436,24999,150528,309908,252671,291839,314623,2076671,8024063,14458879,17448959
1626784299.999,437,25000,159104,252077,251135,284927,296447,321279,361983,579583,589311
1626784300.999,438,24999,143872,252118,251391,284671,295423,319487,361727,531967,612863
1626784301.999,439,25001,150912,252298,251007,285439,296703,322815,371199,601599,759807
1626784302.999,440,25001,152064,253405,251647,286719,299263,327423,489727,1192959,1330175
1626784303.999,441,24999,146944,254494,252799,286975,299007,329727,639487,1159167,1256447
1626784304.999,442,24999,155392,251216,250239,284159,295423,323071,367615,537087,890879
1626784305.999,443,25002,153600,251949,251007,284671,295935,320767,355583,601599,871935
1626784306.999,444,24999,143360,252513,251775,285183,296703,322047,365567,529407,565247
1626784307.999,445,25001,149120,250927,249727,284159,294655,318719,357375,560127,631295
1626784308.999,446,24999,152832,253133,251647,285695,297215,327167,469247,1104895,3082239
1626784309.999,447,25001,153088,253236,252031,285951,297471,324607,393983,935423,1061887
1626784310.999,448,24999,153216,5091582,255231,5754879,48201727,82640895,90570751,93585407,94175231
1626784311.999,449,25001,147584,255232,251903,287231,300031,336895,1148927,1820671,3983359
1626784312.999,450,25000,150784,251149,250367,283903,294655,318463,350463,496895,546303
1626784313.999,451,25000,155520,251581,250751,284415,295167,319743,359423,585215,669695
1626784314.999,452,25000,155776,251684,250879,283903,294911,318975,354047,507135,545791
1626784315.999,453,25000,148480,251973,251519,284159,295423,321023,355583,486911,559103
1626784316.999,454,24999,150272,252067,251007,284671,296191,322047,366847,564735,1019391
1626784317.999,455,25000,153728,253632,252287,285951,298751,329471,478975,892927,2803711
1626784318.999,456,25000,154368,253237,251007,285951,298239,332031,697343,996863,1104895
1626784319.999,457,25000,155904,253087,251903,285695,297727,324351,399615,1121279,1297407
1626784320.999,458,25001,158464,253939,253183,286207,297471,322559,365311,689151,1603583
1626784321.999,459,25000,156928,252960,251903,285695,297215,322815,372735,626175,700415
1626784322.999,460,25000,155264,252147,251263,284671,295935,321023,362239,521983,540671
1626784323.999,461,25000,149248,252641,251903,284927,295679,321791,356351,546303,552447
1626784324.999,462,24999,155520,4959864,255743,4845567,47841279,80674815,89980927,92667903,93388799
1626784325.999,463,25001,147328,252522,251519,285183,296703,322559,377343,847871,1940479
1626784326.999,464,25000,153728,251507,250495,284159,295423,321535,354047,475391,571903
1626784327.999,465,24999,151296,251157,250239,284159,295167,318975,358399,542719,607743
1626784328.999,466,25000,150912,252326,251519,284927,295935,320255,353535,521983,588287
1626784329.999,467,25001,153856,252929,252031,285439,296447,321023,360703,584191,663039
1626784330.999,468,25000,152832,252597,251775,285695,296447,321791,358143,529919,668671
1626784331.999,469,24999,150400,251570,250751,284415,295935,321535,360191,558591,641023
1626784332.999,470,25001,156288,253808,252159,286463,297727,327423,569855,919039,1553407
1626784333.999,471,25000,153600,255244,253439,288255,300287,333311,691711,948735,1512447
1626784334.999,472,25000,152192,251987,250879,284927,296191,322303,377343,967679,1119231
1626784335.999,473,24998,153600,252160,251647,284415,295935,322559,354815,547327,578559
1626784336.999,474,25001,148992,252705,251903,285695,296703,321023,353791,586239,655359
1626784337.999,475,25001,150656,252636,252031,285183,296447,321791,355583,530431,585727
1626784338.999,476,24999,152192,5097362,254847,6225919,48758783,82247679,90374143,91553791,91750399
1626784339.999,477,25000,153728,253566,252799,286975,297983,322303,364543,517887,571903
1626784340.999,478,25001,150144,254281,252927,286975,299007,327679,566271,950271,1248255
1626784341.999,479,25000,152960,278568,256511,301311,330495,843263,3190783,6156287,8626175
1626784342.999,480,24999,151424,253468,252799,286207,297727,323583,359423,494079,529919
1626784343.999,481,25001,148736,251696,250751,283903,295423,320511,355327,461311,548351
1626784344.999,482,25000,149504,251402,250367,283647,295167,320511,374271,571903,629759
1626784345.999,483,25000,156544,252257,251519,284671,296191,321023,366335,511231,598015
1626784346.999,484,24999,153984,257898,253311,291839,306687,345343,1330175,3162111,3610623
1626784347.999,485,25001,154624,253898,252927,286975,298495,325631,449791,779263,860671
1626784348.999,486,24999,143744,254681,253055,286975,299519,331007,645119,905215,1052671
1626784349.999,487,25001,151168,255030,253695,287487,299775,329471,526335,1026047,1157119
1626784350.999,488,24997,147712,252098,251391,284671,296191,322559,357119,554495,590335
1626784351.999,489,25002,151424,252424,251391,284927,296447,322047,363519,626175,1488895
1626784352.999,490,25001,148864,5009014,254975,4866047,47775743,81919999,89718783,90636287,91160575
1626784353.999,491,25000,151680,251630,250879,284671,295679,320511,362751,507903,621055
1626784354.999,492,24998,146688,251039,250111,283903,295423,321791,358911,550399,598527
1626784355.999,493,25001,150528,252800,251391,286207,297471,326911,449279,669183,857087
1626784356.999,494,25000,153344,252499,251519,285439,296447,321791,367103,543743,616959
1626784357.999,495,25000,158848,251120,250367,283647,294655,319999,359935,530431,605183
1626784358.999,496,25001,157440,250888,249727,282879,294143,319999,435199,822783,1486847
1626784359.999,497,24999,150656,253365,252287,286207,298239,323583,374271,723455,1388543
1626784360.999,498,25000,155136,251749,251007,284415,295423,320511,356351,541695,603135
1626784361.999,499,25000,155008,252400,251391,285183,296447,321791,354559,586239,657919
1626784362.999,500,25000,152960,254572,253183,287743,299519,328447,499455,924159,1199103
1626784363.999,501,25000,142336,253194,251391,285695,297471,327679,550399,1057791,1351679
1626784364.999,502,25000,150656,252290,251391,284927,296447,321023,366591,515583,847359
1626784365.999,503,25001,155264,250955,249983,283135,294399,321279,361983,597503,1136639
1626784366.999,504,24999,154496,5017263,254847,5058559,47611903,82051071,89587711,90963967,91226111
1626784367.999,505,25000,145152,251871,251007,284159,295167,320767,356607,491007,546815
1626784368.999,506,25001,151424,252764,251775,285183,296447,321791,361727,578559,620543
1626784369.999,507,24999,148736,252349,251391,284927,296447,323071,358911,537087,581119
1626784370.999,508,25000,151552,252904,251775,285183,297471,325631,400895,848383,1349631
1626784371.999,509,25001,153088,251281,250367,283647,294911,320767,357119,521983,744447
1626784372.999,510,25000,146432,251097,250111,283647,294655,319999,358143,565759,623615
1626784373.999,511,25000,158080,253064,251775,286719,299263,329983,371967,555007,676863
1626784374.999,512,24625,148992,252470,251391,285439,296447,322559,363519,479231,1374207
